id	Youtube_title
UyXJva9vg9o	Why Dems' spending bills won't actually reduce cost|https://www.youtube.com/watch?v=UyXJva9vg9o
IWxefUg971Y	FBI accused of Hunter Biden cover-up following whistleblower report|https://www.youtube.com/watch?v=IWxefUg971Y
EPQoIGFVadk	Dems propose 'cardinal sins' when economy is in 'dire situation': Sen. Barrasso|https://www.youtube.com/watch?v=EPQoIGFVadk
6ZZONMmn3os	Xi is playing on Biden's weakness with Pelosi's Asia trip: Ratcliffe|https://www.youtube.com/watch?v=6ZZONMmn3os
nb7GwJHx6l4	Charlie Kirk: We are doing this to ourselves|https://www.youtube.com/watch?v=nb7GwJHx6l4
NsCb1-_a8_E	Tensions with China escalate as Pelosi visits Asia|https://www.youtube.com/watch?v=NsCb1-_a8_E
8ruvV0bdenQ	VP Harris loses another high-profile staffer amid mass exodus|https://www.youtube.com/watch?v=8ruvV0bdenQ
8dTzSQtNeJE	Sen. Manchin dodges questions on 2024 election|https://www.youtube.com/watch?v=8dTzSQtNeJE
WtrlJFYcLMk	Left-ugees seek refuge, move to Republican-led states|https://www.youtube.com/watch?v=WtrlJFYcLMk
fdIZXTXh5K8	TikTok secrets revealed|https://www.youtube.com/watch?v=fdIZXTXh5K8
7KIGciQsw6k	Possible links between the FBI and the Bidens: Report|https://www.youtube.com/watch?v=7KIGciQsw6k
bmnrr75olYE	New reports of Russian spies across America|https://www.youtube.com/watch?v=bmnrr75olYE
UzfAhGY-1Vg	Top Chicago prosecutor quits over leadership|https://www.youtube.com/watch?v=UzfAhGY-1Vg
-kXuDmcdxTw	Former police officer on the Left's use and abuse of law enforcement|https://www.youtube.com/watch?v=-kXuDmcdxTw
7T14I0Wp9hM	This is insane: Charlie Hurt|https://www.youtube.com/watch?v=7T14I0Wp9hM
hPqybdNcCXM	No one else is as bad as Biden: Karl Rove|https://www.youtube.com/watch?v=hPqybdNcCXM
Pf9TMHjYoOs	Dan Bongino: Here's why Biden is an accomplice to the mass murder of Americans|https://www.youtube.com/watch?v=Pf9TMHjYoOs
4Radf5VmRiE	Brian Kilmeade: They don't want us to believe what we know to be true|https://www.youtube.com/watch?v=4Radf5VmRiE
7zlw7MosOgQ	Charlie Hurt: Biden White House is not confronting China at all|https://www.youtube.com/watch?v=7zlw7MosOgQ
LeMf-JlDx2w	Standing with Taiwan is the right thing to do: Former Clinton campaign member|https://www.youtube.com/watch?v=LeMf-JlDx2w
pgnWrZaIaB0	Biden tests positive for COVID again|https://www.youtube.com/watch?v=pgnWrZaIaB0
WTFPdFwr5co	Democrats need to ‘take the politics’ out of this: Mayor of Yuma, AZ|https://www.youtube.com/watch?v=WTFPdFwr5co
jR3L_Y_NfjI	Sen. Sullivan on Pelosi Taiwan trip: We can’t let China call the shots|https://www.youtube.com/watch?v=jR3L_Y_NfjI
2OxlSY0Mx40	Biden admin. puts politics above the American public: National Border Patrol Council VP|https://www.youtube.com/watch?v=2OxlSY0Mx40
_MWdY7dF8r4	Economists debate whether the US is in a recession|https://www.youtube.com/watch?v=_MWdY7dF8r4
nSheq3P6LWk	Biden’s flip on southern border agenda the ‘height of hypocrisy’: Mick McGuire|https://www.youtube.com/watch?v=nSheq3P6LWk
j6Gjdh-bAIE	American couple accused of Russian espionage arrested|https://www.youtube.com/watch?v=j6Gjdh-bAIE
d9H85LgnFUM	Jason Chaffetz on Democrats' 'Inflation Reduction Act': ‘Beware this bill’|https://www.youtube.com/watch?v=d9H85LgnFUM
-xiGLZE-AGo	Is the Biden admin building a border wall in Arizona?|https://www.youtube.com/watch?v=-xiGLZE-AGo
SstxUh_yGEs	Gutfeld reads through the week’s leftover jokes|https://www.youtube.com/watch?v=SstxUh_yGEs
c9HLfvptHYk	Jason Chaffetz: DC Mayor Bowser is getting in the action|https://www.youtube.com/watch?v=c9HLfvptHYk
mqCxNNCjhaI	History-making women of World War II honored|https://www.youtube.com/watch?v=mqCxNNCjhaI
SgdEMdVq_QY	Inflation caused by Biden admin policies in many respects: Langone|https://www.youtube.com/watch?v=SgdEMdVq_QY
4PsTgxvtOD8	We the Kingdom performs 'Left It In The Water' live|https://www.youtube.com/watch?v=4PsTgxvtOD8
LK7co6U57hk	Biden pledged 'not one more foot' of border wall; announces plans to build wall|https://www.youtube.com/watch?v=LK7co6U57hk
GwIZFz5zxCY	Why a prisoner swap for Americans is a dangerous idea|https://www.youtube.com/watch?v=GwIZFz5zxCY
v259KYKIFcY	Meet the Angle interns|https://www.youtube.com/watch?v=v259KYKIFcY
GtCs8ieAAQU	Investigation into leaked SCOTUS abortion draft heats up|https://www.youtube.com/watch?v=GtCs8ieAAQU
NxUDedEwBWE	Leo Terrell : Biden admin is lying to the American public|https://www.youtube.com/watch?v=NxUDedEwBWE
DtPazxRW64Q	Biden adviser: No one ever said inflation wasn't happening|https://www.youtube.com/watch?v=DtPazxRW64Q
zhZCpUjXw-8	Tucker Carlson: This resulted in historic inflation #shorts|https://www.youtube.com/watch?v=zhZCpUjXw-8
VKt2OyGgKHA	This is an extremely dangerous regime: China expert|https://www.youtube.com/watch?v=VKt2OyGgKHA
oj83DsqJK-U	Gutfeld: Biden should be asking for forgiveness, not doling it out|https://www.youtube.com/watch?v=oj83DsqJK-U
Kew0h39oqyw	This is an admin that’s scared of its own shadow: Mike Pompeo|https://www.youtube.com/watch?v=Kew0h39oqyw
FPH5Znb80QQ	Charlie Gasparino: The Biden admin won't admit this|https://www.youtube.com/watch?v=FPH5Znb80QQ
wNE38WWh9Iw	Sean Hannity: This bill does nothing to decrease inflation|https://www.youtube.com/watch?v=wNE38WWh9Iw
bHYpfTs9tqI	Tucker Carlson: This is scary|https://www.youtube.com/watch?v=bHYpfTs9tqI
E0cEQt2qDTM	Jesse Watters: Jon Stewart's blame is misguided|https://www.youtube.com/watch?v=E0cEQt2qDTM
Rtjc3HIvFkY	Pavlich: Democrats are living by their own rules now on illegal immigration|https://www.youtube.com/watch?v=Rtjc3HIvFkY
4cx4BJSm0Zc	'The Five' on the media claiming Biden is 'back in the game'|https://www.youtube.com/watch?v=4cx4BJSm0Zc
w8Hr91l7AM0	China issued an 'unacceptable threat' on Pelosi's trip, Biden once again not being clear: Waltz|https://www.youtube.com/watch?v=w8Hr91l7AM0
r6e2ipb7jUo	Biden is once again projecting weakness to our adversaries: Rep. McCaul|https://www.youtube.com/watch?v=r6e2ipb7jUo
zqYfNqb3XnQ	Biden needs to acknowledge that we are going to go to Taiwan: Sen. Thune|https://www.youtube.com/watch?v=zqYfNqb3XnQ
-vI5kRdne1Q	Karine Jean-Pierre holds a White House briefing | 7/29/22|https://www.youtube.com/watch?v=-vI5kRdne1Q
JP7USCQPffI	Liberal leaders slammed for asking for help with migrants|https://www.youtube.com/watch?v=JP7USCQPffI
C-q180WSKQo	Jon Stewart: Senate striking down aid for veterans bill is ‘casual cruelty'|https://www.youtube.com/watch?v=C-q180WSKQo
z6Xphi_L81E	Mega Millions: Americans share how they'd spend $1 billion jackpot | Americans Weigh In|https://www.youtube.com/watch?v=z6Xphi_L81E
croro7CuLUI	Bombshell texts: Hunter Biden associates discuss 'The Big Guy'|https://www.youtube.com/watch?v=croro7CuLUI
Wa3Mq-gNxws	Speaker Pelosi hosts weekly press conference|https://www.youtube.com/watch?v=Wa3Mq-gNxws
L0dSzD3eLeI	Democratic lawmaker flips off Republicans at congressional baseball game|https://www.youtube.com/watch?v=L0dSzD3eLeI
MmvylAiS1H0	Americans worry Manchin's $433 billion reconciliation bill could be costly | Americans Weigh In|https://www.youtube.com/watch?v=MmvylAiS1H0
oQv1fIh7q7w	Kudlow: This would make George Orwell proud|https://www.youtube.com/watch?v=oQv1fIh7q7w
PczZ6mI7390	House Minority Leader McCarthy holds press conference|https://www.youtube.com/watch?v=PczZ6mI7390
ttb0haNcoOc	Kilmeade: How can Biden say this with a straight face?|https://www.youtube.com/watch?v=ttb0haNcoOc
gWgoLMtHDNA	Media in lockstep with Biden, 'gaslighting' Americans: Hallberg|https://www.youtube.com/watch?v=gWgoLMtHDNA
z3koBTCPJRU	Lara Trump: Biden has repeatedly lied about this|https://www.youtube.com/watch?v=z3koBTCPJRU
OGosROK5028	Gutfeld: Will a little snip snip flip the script?|https://www.youtube.com/watch?v=OGosROK5028
mKYi3TvX1U8	Biden adviser defends the president’s economy|https://www.youtube.com/watch?v=mKYi3TvX1U8
BMM_mYNcQJQ	Billionaire investor warns US can't keep spending and bring down inflation|https://www.youtube.com/watch?v=BMM_mYNcQJQ
JihOx9ZKixc	This has crushed our economy: Sen. Hagerty|https://www.youtube.com/watch?v=JihOx9ZKixc
BI09eUVtJIA	Conquer your mind & unlock your best life with Colin O'Brady | Will Cain Podcast|https://www.youtube.com/watch?v=BI09eUVtJIA
Lh-5PQw0u-0	Democratic mayor calls for national guard to deal with border crisis #shorts|https://www.youtube.com/watch?v=Lh-5PQw0u-0
8wQOOZVTJ7o	Biden threatened by China over Pelosi's Taiwan plans|https://www.youtube.com/watch?v=8wQOOZVTJ7o
_cpIbRimgOI	Biden family 'too big to touch'|https://www.youtube.com/watch?v=_cpIbRimgOI
I_oXLQk-w8E	Mark Brnovich, Jim Lamon and the Arizona senate primary | The Ben Domenech Podcast|https://www.youtube.com/watch?v=I_oXLQk-w8E
XxC7GAirK5g	The woman who terrifies Gov. Whitmer|https://www.youtube.com/watch?v=XxC7GAirK5g
ysdGRYPuYkI	Sarah Huckabee Sanders: The Biden presidency is a 'failure', we see it everyday|https://www.youtube.com/watch?v=ysdGRYPuYkI
1IqBE0dWghc	Here's the latest on a recession, inflation and a billion-dollar spending package|https://www.youtube.com/watch?v=1IqBE0dWghc
dxVioPMWHX8	Washington Mayor Bowser slammed for apparent flip-flop on sanctuary city status|https://www.youtube.com/watch?v=dxVioPMWHX8
FsxETTz_hB8	Arizona congressional candidates fight to represent hotly contested district | Digital Originals|https://www.youtube.com/watch?v=FsxETTz_hB8
Fen1L4d6G4Y	Pastor denied permit for prayer vigil on Capitol grounds|https://www.youtube.com/watch?v=Fen1L4d6G4Y
epag6NKGimU	Tucker Carlson: It turns out, we’re hallucinating #shorts|https://www.youtube.com/watch?v=epag6NKGimU
NJM1YdSnNPE	Congress is 'asleep at the wheel' as China gains foothold in US: Former Pentagon official|https://www.youtube.com/watch?v=NJM1YdSnNPE
J2yeHh6hpZ4	Gutfeld: Should we make this trade?|https://www.youtube.com/watch?v=J2yeHh6hpZ4
ipaGhnJixLE	Ingraham: This is an emergency|https://www.youtube.com/watch?v=ipaGhnJixLE
yos3DE-38mQ	'Everybody in West Virginia' will feel the brunt of Manchin's decision: Rep. Jason Chaffetz|https://www.youtube.com/watch?v=yos3DE-38mQ
YZB6MVwmnV0	Sean Hannity: We are officially in a recession|https://www.youtube.com/watch?v=YZB6MVwmnV0
2TdRdn6BqrA	Tucker Carlson: It turns out we're insane|https://www.youtube.com/watch?v=2TdRdn6BqrA
fikS1Q74wDs	Jesse Watters: Joe Biden just proved he's compromised|https://www.youtube.com/watch?v=fikS1Q74wDs
wvoeRaIc2e4	Gutfeld: These people make me sick|https://www.youtube.com/watch?v=wvoeRaIc2e4
FrPEzSRhmEs	Perino: You have to wonder who the White House spin on 'recession' is for|https://www.youtube.com/watch?v=FrPEzSRhmEs
3OKIvDDNAC8	What's behind the Biden family's 'opulent' lifestyle?|https://www.youtube.com/watch?v=3OKIvDDNAC8
m2senQXYRu0	Democrat blames defund the police narrative on ‘MAGA Republicans’ #shorts|https://www.youtube.com/watch?v=m2senQXYRu0